2019-08-15 9:47:0,193.40.238.205,UPDATE,415,418,|7=bi*0+3,dfg,1,0
2019-08-15 9:47:1,193.40.238.205,UPDATE,418,422,|7=bi=3*0+4,gdfg,1,0
2019-08-15 10:28:5,213.35.184.210,UPDATE,415,416,|7=bi*0|1+1,,1,0
2019-08-15 10:28:6,213.35.184.210,UPDATE,416,417,|8=bj*0|1+1,,1,0
2019-08-15 10:28:7,213.35.184.210,UPDATE,417,418,|9=bk*0|1+1,,1,0
2019-08-15 10:28:7,91.129.96.132,UPDATE,418,419,|7=bi*0+1,H,1,0
2019-08-15 10:28:8,91.129.96.132,UPDATE,419,421,|7=bi=1*0+2,el,1,0
2019-08-15 10:28:8,91.129.96.132,UPDATE,421,423,|7=bi=3*0+2,lo,1,0
2019-08-15 10:28:13,181.188.170.160,UPDATE,423,424,|a=bq*0+1,I,1,0
2019-08-15 10:28:15,181.188.170.160,UPDATE,424,430,|a=bq=1*0+6,t is A,1,0
2019-08-15 10:28:16,181.188.170.160,UPDATE,430,440,|a=bq=7*0+a,dolfo here,1,0
2019-08-15 10:28:21,37.157.108.47,UPDATE,440,441,|a=bq=h*0|1+1,,1,0
2019-08-15 10:28:21,181.188.170.160,UPDATE,440,439,|a=bq=g-1,,0,1
2019-08-15 10:28:21,37.157.108.47,UPDATE,440,441,|b=c7*0|1+1,,1,0
2019-08-15 10:28:22,37.157.108.47,UPDATE,441,443,|c=c8*0+2,Hi,1,0
2019-08-15 10:28:22,37.157.108.47,UPDATE,443,444,|c=c8=2*0+1,!,1,0
2019-08-15 10:28:22,181.188.170.160,UPDATE,440,439,|a=bq=f-1,,0,1
2019-08-15 10:28:23,37.157.108.47,UPDATE,444,445,|c=c8=3*0+1, ,1,0
2019-08-15 10:28:23,37.157.108.47,UPDATE,444,446,|c=c7=4*0+2,It,1,0
2019-08-15 10:28:24,37.157.108.47,UPDATE,446,450,|c=c7=6*0+4,s is,1,0
2019-08-15 10:28:24,181.188.170.160,UPDATE,443,434,|a=bq=6-9,,0,1
2019-08-15 10:28:24,37.157.108.47,UPDATE,441,443,|c=by=a*0+2, R,1,0
2019-08-15 10:28:25,37.157.108.47,UPDATE,443,446,|c=by=c*0+3,eet,1,0
2019-08-15 10:28:26,37.157.108.47,UPDATE,446,447,|c=by=f*0+1, ,1,0
2019-08-15 10:28:26,37.157.108.47,UPDATE,447,448,|c=by=g*0+1,:,1,0
2019-08-15 10:28:27,37.157.108.47,UPDATE,448,449,|c=by=h*0+1,),1,0
2019-08-15 10:28:27,37.157.108.47,UPDATE,449,450,|c=by=i*0|1+1,,1,0
2019-08-15 10:28:27,181.188.170.160,UPDATE,448,447,|a=bq=5-1,,0,1
2019-08-15 10:28:28,181.188.170.160,UPDATE,449,446,|a=bq=2-3,,0,1
2019-08-15 10:28:29,181.188.170.160,UPDATE,446,444,|a=bq-2,,0,1
2019-08-15 10:28:34,213.35.184.210,UPDATE,444,445,|d=cb*0|1+1,,1,0
2019-08-15 10:28:35,213.35.184.210,UPDATE,445,446,|e=cc*0|1+1,,1,0
2019-08-15 10:28:36,213.35.184.210,UPDATE,446,448,|f=cd*0+2,I ,1,0
2019-08-15 10:28:36,213.35.184.210,UPDATE,448,450,|f=cd=2*0+2,am,1,0
2019-08-15 10:28:37,213.35.184.210,UPDATE,450,451,|f=cd=4*0+1, ,1,0
2019-08-15 10:28:37,213.35.184.210,UPDATE,451,455,|f=cd=5*0+4,also,1,0
2019-08-15 10:28:38,213.35.184.210,UPDATE,455,460,|f=cd=9*0+5, here,1,0
2019-08-15 10:28:38,213.35.184.210,UPDATE,460,461,|f=cd=e*0+1, ,1,0
2019-08-15 10:28:39,213.35.184.210,UPDATE,461,462,|f=cd=f*0+1,.,1,0
2019-08-15 10:28:39,213.35.184.210,UPDATE,462,464,|f=cd=g*0+2,..,1,0
2019-08-15 10:28:41,181.188.170.160,UPDATE,464,465,|9=bp*0+1,s,1,0
2019-08-15 10:28:42,181.188.170.160,UPDATE,465,464,|9=bp-1,,0,1
2019-08-15 10:28:44,181.188.170.160,UPDATE,464,466,|9=bp*0+2,So,1,0
2019-08-15 10:28:45,181.188.170.160,UPDATE,466,472,|9=bp=2*0+6, we ar,1,0
2019-08-15 10:28:47,181.188.170.160,UPDATE,472,482,|9=bp=8*0+a,e using a ,1,0
2019-08-15 10:28:49,181.188.170.160,UPDATE,482,484,|9=bp=i*0+2,co,1,0
2019-08-15 10:28:51,181.188.170.160,UPDATE,484,498,|9=bp=k*0+e,llaborative ed,1,0
2019-08-15 10:28:53,181.188.170.160,UPDATE,498,503,|9=bp=y*0+5,itor ,1,0
2019-08-15 10:28:53,181.188.170.160,UPDATE,503,513,|9=bp=13*0+a,as a chatb,1,0
2019-08-15 10:28:55,181.188.170.160,UPDATE,513,515,|9=bp=1d*0+2,ox,1,0
2019-08-15 10:28:57,181.188.170.160,UPDATE,515,518,|9=bp=1f*0+3, :D,1,0
2019-08-15 10:29:12,213.35.184.210,UPDATE,518,519,|f=dv=i*0|1+1,,1,0
2019-08-15 10:29:12,213.35.184.210,UPDATE,519,520,|g=ee*0|1+1,,1,0
2019-08-15 10:29:13,213.35.184.210,UPDATE,520,521,|h=ef*0|1+1,,1,0
2019-08-15 10:29:13,213.35.184.210,UPDATE,521,522,|i=eg*0+1,R,1,0
2019-08-15 10:29:14,213.35.184.210,UPDATE,522,526,|i=eg=1*0+4,esea,1,0
2019-08-15 10:29:14,213.35.184.210,UPDATE,526,530,|i=eg=5*0+4,rch ,1,0
2019-08-15 10:29:15,213.35.184.210,UPDATE,530,531,|i=eg=9*0+1,P,1,0
2019-08-15 10:29:15,213.35.184.210,UPDATE,531,533,|i=eg=a*0+2,ro,1,0
2019-08-15 10:29:16,213.35.184.210,UPDATE,533,536,|i=eg=c*0+3,pos,1,0
2019-08-15 10:29:16,213.35.184.210,UPDATE,536,537,|i=eg=f*0+1,a,1,0
2019-08-15 10:29:17,213.35.184.210,UPDATE,537,539,|i=eg=g*0+2,l ,1,0
2019-08-15 10:29:17,213.35.184.210,UPDATE,539,538,|i=eg=h-1,,0,1
2019-08-15 10:29:29,213.35.184.210,UPDATE,538,539,|i=eg*0+1,1,1,0
2019-08-15 10:29:30,213.35.184.210,UPDATE,539,540,|i=eg=1*0+1,),1,0
2019-08-15 10:29:30,213.35.184.210,UPDATE,540,541,|i=eg=2*0+1, ,1,0
2019-08-15 10:29:31,213.35.184.210,UPDATE,541,542,|i=eg=k*0|1+1,,1,0
2019-08-15 10:29:32,213.35.184.210,UPDATE,542,543,|j=f1*0|1+1,,1,0
2019-08-15 10:29:33,213.35.184.210,UPDATE,543,662,|k=f2*0+3b,https://docs.google.com/document/d/1UP6SF5CeXFROb_glSmTGV7zoMrdqOzXIX5lqu5x_SQE/edit?ts=5d496138#heading=h.e2zj9e49p07q,1,0
2019-08-15 10:29:33,213.35.184.210,UPDATE,662,663,|k=f2=3b*0|1+1,,1,0
2019-08-15 10:29:34,213.35.184.210,UPDATE,663,664,|l=ie*0|1+1,,1,0
2019-08-15 10:31:19,37.157.108.47,UPDATE,664,665,|k=f2=3b*0|1+1,,1,0
2019-08-15 10:31:20,37.157.108.47,UPDATE,665,666,|l=ie*0|1+1,,1,0
2019-08-15 10:32:2,37.157.108.47,UPDATE,666,665,|f=dv=h-1,,0,1
2019-08-15 10:32:2,37.157.108.47,UPDATE,665,664,|f=dv=g-1,,0,1
2019-08-15 10:32:3,37.157.108.47,UPDATE,664,663,|f=dv=f-1,,0,1
2019-08-15 10:32:3,37.157.108.47,UPDATE,663,661,|f=dv=d-2,,0,1
2019-08-15 10:32:5,37.157.108.47,UPDATE,661,662,|f=dv=d*0+1,.,1,0
2019-08-15 10:32:6,37.157.108.47,UPDATE,662,664,|f=dv=e*0+2, j,1,0
2019-08-15 10:32:6,37.157.108.47,UPDATE,664,668,|f=dv=g*0+4,ust ,1,0
2019-08-15 10:32:7,37.157.108.47,UPDATE,668,671,|f=dv=k*0+3,typ,1,0
2019-08-15 10:32:7,37.157.108.47,UPDATE,671,674,|f=dv=n*0+3,ing,1,0
2019-08-15 10:32:8,37.157.108.47,UPDATE,674,677,|f=dv=q*0+3, so,1,0
2019-08-15 10:32:8,37.157.108.47,UPDATE,677,682,|f=dv=t*0+5,methi,1,0
2019-08-15 10:32:9,37.157.108.47,UPDATE,682,685,|f=dv=y*0+3,ng ,1,0
2019-08-15 10:32:9,37.157.108.47,UPDATE,685,687,|f=dv=11*0+2,to,1,0
2019-08-15 10:32:10,37.157.108.47,UPDATE,687,688,|f=dv=13*0+1, ,1,0
2019-08-15 10:32:10,37.157.108.47,UPDATE,688,692,|f=dv=14*0+4,chan,1,0
2019-08-15 10:32:11,37.157.108.47,UPDATE,692,694,|f=dv=18*0+2,ge,1,0
2019-08-15 10:32:14,37.157.108.47,UPDATE,694,695,|f=dv=1a*0+1, ,1,0
2019-08-15 10:32:14,37.157.108.47,UPDATE,695,699,|f=dv=1b*0+4,and ,1,0
2019-08-15 10:32:15,37.157.108.47,UPDATE,699,700,|f=dv=1f*0+1,s,1,0
2019-08-15 10:32:15,37.157.108.47,UPDATE,700,703,|f=dv=1g*0+3,ee ,1,0
2019-08-15 10:32:16,37.157.108.47,UPDATE,703,704,|f=dv=1j*0+1,w,1,0
2019-08-15 10:32:17,37.157.108.47,UPDATE,704,707,|f=dv=1k*0+3,hat,1,0
2019-08-15 10:32:17,37.157.108.47,UPDATE,707,710,|f=dv=1n*0+3, ha,1,0
2019-08-15 10:32:18,37.157.108.47,UPDATE,710,715,|f=dv=1q*0+5,ppens,1,0
2019-08-15 10:32:37,181.188.170.160,UPDATE,715,716,|o=ju*0+1,*,1,0
2019-08-15 10:32:38,181.188.170.160,UPDATE,716,717,|o=ju=1*0+1, ,1,0
2019-08-15 10:32:39,91.129.96.132,UPDATE,717,723,*0+6,Hello ,1,0
2019-08-15 10:32:40,181.188.170.160,UPDATE,717,718,|o=ju=2*0+1,P,1,0
2019-08-15 10:32:40,181.188.170.160,UPDATE,718,720,|o=ju=3*0+2,ro,1,0
2019-08-15 10:32:41,181.188.170.160,UPDATE,720,725,|o=ju=5*0+5,posal,1,0
2019-08-15 10:32:43,181.188.170.160,UPDATE,725,730,|o=ju=a*0+5,s do ,1,0
2019-08-15 10:32:45,181.188.170.160,UPDATE,730,741,|o=ju=f*0+b,not need to,1,0
2019-08-15 10:32:47,181.188.170.160,UPDATE,741,751,|o=ju=q*0+a, be extrem,1,0
2019-08-15 10:32:48,181.188.170.160,UPDATE,751,764,|o=ju=10*0+d,elly detailed,1,0
2019-08-15 10:32:48,181.188.170.160,UPDATE,764,769,|o=ju=1d*0+5,/well,1,0
2019-08-15 10:32:48,181.188.170.160,UPDATE,769,771,|o=ju=1i*0+2, w,1,0
2019-08-15 10:32:49,181.188.170.160,UPDATE,771,773,|o=ju=1k*0+2,ri,1,0
2019-08-15 10:32:49,181.188.170.160,UPDATE,773,774,|o=ju=1m*0+1,t,1,0
2019-08-15 10:32:50,181.188.170.160,UPDATE,774,777,|o=ju=1n*0+3,ten,1,0
2019-08-15 10:32:50,181.188.170.160,UPDATE,777,778,|o=ju=1q*0|1+1,,1,0
2019-08-15 10:32:51,181.188.170.160,UPDATE,778,779,|p=ll*0|1+1,,1,0
2019-08-15 10:32:52,181.188.170.160,UPDATE,779,780,|q=lm*0+1,*,1,0
2019-08-15 10:32:52,181.188.170.160,UPDATE,780,781,|q=lm=1*0+1, ,1,0
2019-08-15 10:33:27,37.157.108.47,UPDATE,781,782,|q=lm=2*0|1+1,,1,0
2019-08-15 10:33:30,37.157.108.47,UPDATE,782,783,|r=lp*0+1,s,1,0
2019-08-15 10:33:31,37.157.108.47,UPDATE,783,785,|r=lp=1*0+2,ti,1,0
2019-08-15 10:33:31,37.157.108.47,UPDATE,785,788,|r=lp=3*0+3,ll ,1,0
2019-08-15 10:33:33,37.157.108.47,UPDATE,788,789,|r=lp=6*0+1,w,1,0
2019-08-15 10:33:33,37.157.108.47,UPDATE,789,791,|r=lp=7*0+2,or,1,0
2019-08-15 10:33:34,37.157.108.47,UPDATE,791,793,|r=lp=9*0+2,th,1,0
2019-08-15 10:33:34,37.157.108.47,UPDATE,793,795,|r=lp=b*0+2,wh,1,0
2019-08-15 10:33:35,37.157.108.47,UPDATE,795,798,|r=lp=d*0+3,ile,1,0
2019-08-15 10:33:36,37.157.108.47,UPDATE,798,799,|r=lp=g*0+1, ,1,0
2019-08-15 10:33:36,37.157.108.47,UPDATE,799,801,|r=lp=h*0+2,rw,1,0
2019-08-15 10:33:38,37.157.108.47,UPDATE,801,800,|r=lp=i-1,,0,1
2019-08-15 10:33:38,37.157.108.47,UPDATE,800,801,|r=lp=i*0+1,e,1,0
2019-08-15 10:33:39,37.157.108.47,UPDATE,801,803,|r=lp=j*0+2,wr,1,0
2019-08-15 10:33:39,37.157.108.47,UPDATE,803,804,|r=lp=l*0+1,i,1,0
2019-08-15 10:33:40,37.157.108.47,UPDATE,804,803,|r=lp=l-1,,0,1
2019-08-15 10:33:41,37.157.108.47,UPDATE,803,804,|r=lp=l*0+1,i,1,0
2019-08-15 10:33:41,37.157.108.47,UPDATE,804,805,|r=lp=m*0+1,r,1,0
2019-08-15 10:33:42,37.157.108.47,UPDATE,805,804,|r=lp=m-1,,0,1
2019-08-15 10:33:43,37.157.108.47,UPDATE,804,805,|r=lp=m*0+1,t,1,0
2019-08-15 10:33:44,37.157.108.47,UPDATE,805,809,|r=lp=n*0+4,ing ,1,0
2019-08-15 10:33:44,37.157.108.47,UPDATE,809,813,|r=lp=r*0+4,the ,1,0
2019-08-15 10:33:46,37.157.108.47,UPDATE,813,814,|r=lp=v*0+1,p,1,0
2019-08-15 10:33:46,37.157.108.47,UPDATE,814,817,|r=lp=w*0+3,art,1,0
2019-08-15 10:33:47,37.157.108.47,UPDATE,817,820,|r=lp=z*0+3, of,1,0
2019-08-15 10:33:47,37.157.108.47,UPDATE,820,824,|r=lp=12*0+4, the,1,0
2019-08-15 10:33:48,37.157.108.47,UPDATE,824,826,|r=lp=16*0+2, p,1,0
2019-08-15 10:33:48,37.157.108.47,UPDATE,826,829,|r=lp=18*0+3,urp,1,0
2019-08-15 10:33:49,37.157.108.47,UPDATE,829,832,|r=lp=1b*0+3,ose,1,0
2019-08-15 10:33:51,37.157.108.47,UPDATE,832,833,|r=lp=1e*0+1,-,1,0
2019-08-15 10:33:52,37.157.108.47,UPDATE,833,834,|r=lp=1f*0+1, ,1,0
2019-08-15 10:33:52,37.157.108.47,UPDATE,834,837,|r=lp=1g*0+3,to ,1,0
2019-08-15 10:33:53,37.157.108.47,UPDATE,837,839,|r=lp=1j*0+2,re,1,0
2019-08-15 10:33:53,37.157.108.47,UPDATE,839,843,|r=lp=1l*0+4,use ,1,0
2019-08-15 10:33:54,37.157.108.47,UPDATE,843,847,|r=lp=1p*0+4,for ,1,0
2019-08-15 10:33:54,37.157.108.47,UPDATE,847,850,|r=lp=1t*0+3,pap,1,0
2019-08-15 10:33:55,37.157.108.47,UPDATE,850,854,|r=lp=1w*0+4,ersa,1,0
2019-08-15 10:33:55,37.157.108.47,UPDATE,854,853,|r=lp=1z-1,,0,1
2019-08-15 10:33:56,37.157.108.47,UPDATE,853,852,|r=lp=1y-1,,0,1
2019-08-15 10:33:56,37.157.108.47,UPDATE,852,853,|r=lp=1y*0+1,s,1,0
2019-08-15 10:34:58,181.188.170.160,UPDATE,853,854,|q=lm=2*0+1,M,1,0
2019-08-15 10:34:58,181.188.170.160,UPDATE,854,855,|q=lm=3*0+1,a,1,0
2019-08-15 10:34:59,181.188.170.160,UPDATE,855,857,|q=lm=4*0+2,yr,1,0
2019-08-15 10:34:59,181.188.170.160,UPDATE,857,856,|q=lm=5-1,,0,1
2019-08-15 10:35:0,181.188.170.160,UPDATE,856,858,|q=lm=5*0+2,we,1,0
2019-08-15 10:35:0,181.188.170.160,UPDATE,858,859,|q=lm=7*0+1, ,1,0
2019-08-15 10:35:2,181.188.170.160,UPDATE,859,860,|q=lm=8*0+1,u,1,0
2019-08-15 10:35:2,181.188.170.160,UPDATE,860,861,|q=lm=9*0+1,s,1,0
2019-08-15 10:35:3,181.188.170.160,UPDATE,861,860,|q=lm=9-1,,0,1
2019-08-15 10:35:3,181.188.170.160,UPDATE,860,857,|q=lm=6-3,,0,1
2019-08-15 10:35:4,181.188.170.160,UPDATE,857,856,|q=lm=5-1,,0,1
2019-08-15 10:35:5,181.188.170.160,UPDATE,856,858,|q=lm=5*0+2,be,1,0
2019-08-15 10:35:5,181.188.170.160,UPDATE,858,861,|q=lm=7*0+3, us,1,0
2019-08-15 10:35:6,181.188.170.160,UPDATE,861,865,|q=lm=a*0+4,e an,1,0
2019-08-15 10:35:6,181.188.170.160,UPDATE,865,867,|q=lm=e*0+2, e,1,0
2019-08-15 10:35:7,181.188.170.160,UPDATE,867,872,|q=lm=g*0+5,valua,1,0
2019-08-15 10:35:8,181.188.170.160,UPDATE,872,878,|q=lm=l*0+6,tion f,1,0
2019-08-15 10:35:9,181.188.170.160,UPDATE,878,884,|q=lm=r*0+6,ramekw,1,0
2019-08-15 10:35:11,181.188.170.160,UPDATE,884,882,|q=lm=v-2,,0,1
2019-08-15 10:35:13,181.188.170.160,UPDATE,882,886,|q=lm=v*0+4,work,1,0
2019-08-15 10:35:21,181.188.170.160,UPDATE,886,887,|q=lm=z*0+1, ,1,0
2019-08-15 10:35:22,181.188.170.160,UPDATE,887,891,|q=lm=10*0+4,for ,1,0
2019-08-15 10:35:22,181.188.170.160,UPDATE,891,897,|q=lm=14*0+6,the te,1,0
2019-08-15 10:35:23,181.188.170.160,UPDATE,897,900,|q=lm=1a*0+3,mpl,1,0
2019-08-15 10:35:23,181.188.170.160,UPDATE,900,903,|q=lm=1d*0+3,ate,1,0
2019-08-15 10:35:25,181.188.170.160,UPDATE,903,904,|q=lm=1g*0+1,.,1,0
2019-08-15 10:35:25,181.188.170.160,UPDATE,904,905,|q=lm=1h*0|1+1,,1,0
2019-08-15 10:35:26,181.188.170.160,UPDATE,905,904,|q=lm=1h|1-1,,0,1
2019-08-15 10:35:26,181.188.170.160,UPDATE,904,904,|q=lm=1g-1*0|1+1,,1,1
2019-08-15 10:35:27,181.188.170.160,UPDATE,904,905,|r=n3*0|1+1,,1,0
2019-08-15 10:36:23,181.188.170.160,UPDATE,905,906,|q=lm=1g*0|1+1,,1,0
2019-08-15 10:36:23,181.188.170.160,UPDATE,906,907,|r=n3*0|1+1,,1,0
2019-08-15 10:37:11,181.188.170.160,UPDATE,907,824,|7=bi|6-2b,,0,1
2019-08-15 10:37:13,181.188.170.160,UPDATE,824,825,|7=bi*0|1+1,,1,0
2019-08-15 10:37:15,181.188.170.160,UPDATE,825,833,|8=bj*0+8,I have t,1,0
2019-08-15 10:37:16,181.188.170.160,UPDATE,833,845,|8=bj=8*0+c,o say that a,1,0
2019-08-15 10:37:17,181.188.170.160,UPDATE,845,844,|8=bj=j-1,,0,1
2019-08-15 10:37:20,181.188.170.160,UPDATE,844,845,|8=bj=j*0+1,u,1,0
2019-08-15 10:37:21,181.188.170.160,UPDATE,845,849,|8=bj=k*0+4,sing,1,0
2019-08-15 10:37:22,181.188.170.160,UPDATE,849,850,|8=bj=o*0+1, ,1,0
2019-08-15 10:37:24,181.188.170.160,UPDATE,850,851,|8=bj=p*0+1,R,1,0
2019-08-15 10:37:25,181.188.170.160,UPDATE,851,857,|8=bj=q*0+6,eet's ,1,0
2019-08-15 10:37:25,181.188.170.160,UPDATE,857,866,|8=bj=w*0+9,kid as a ,1,0
2019-08-15 10:37:29,181.188.170.160,UPDATE,866,865,|8=bj=14-1,,0,1
2019-08-15 10:37:31,181.188.170.160,UPDATE,865,864,|8=bj=13-1,,0,1
2019-08-15 10:37:31,181.188.170.160,UPDATE,864,869,|8=bj=13*0+5,someo,1,0
2019-08-15 10:37:31,181.188.170.160,UPDATE,869,872,|8=bj=18*0+3,ne ,1,0
2019-08-15 10:37:32,181.188.170.160,UPDATE,872,876,|8=bj=1b*0+4,to a,1,0
2019-08-15 10:37:32,181.188.170.160,UPDATE,876,879,|8=bj=1f*0+3,dd ,1,0
2019-08-15 10:37:33,181.188.170.160,UPDATE,879,883,|8=bj=1i*0+4,some,1,0
2019-08-15 10:37:34,181.188.170.160,UPDATE,883,887,|8=bj=1m*0+4,thin,1,0
2019-08-15 10:37:35,181.188.170.160,UPDATE,887,886,|8=bj=1p-1,,0,1
2019-08-15 10:37:36,181.188.170.160,UPDATE,886,884,|8=bj=1m-3*0+1, ,1,1
2019-08-15 10:37:38,181.188.170.160,UPDATE,884,893,|8=bj=1n*0+9,noice to ,1,0
2019-08-15 10:37:41,181.188.170.160,UPDATE,893,901,|8=bj=1w*0+8,the room,1,0
2019-08-15 10:37:42,181.188.170.160,UPDATE,901,916,|8=bj=24*0+f, but not collab,1,0
2019-08-15 10:37:43,181.188.170.160,UPDATE,916,926,|8=bj=2j*0+a,orating is,1,0
2019-08-15 10:37:44,181.188.170.160,UPDATE,926,934,|8=bj=2t*0+8, the swe,1,0
2019-08-15 10:37:45,181.188.170.160,UPDATE,934,939,|8=bj=31*0+5,etest,1,0
2019-08-15 10:37:47,181.188.170.160,UPDATE,939,945,|8=bj=36*0+6, thing,1,0
2019-08-15 10:37:48,181.188.170.160,UPDATE,945,951,|8=bj=3c*0+6, ever ,1,0
2019-08-15 10:37:49,181.188.170.160,UPDATE,951,959,|8=bj=3i*0+8,done in ,1,0
2019-08-15 10:37:50,181.188.170.160,UPDATE,959,965,|8=bj=3q*0+6,a rese,1,0
2019-08-15 10:37:51,181.188.170.160,UPDATE,965,972,|8=bj=3w*0+7,arch ac,1,0
2019-08-15 10:37:52,181.188.170.160,UPDATE,972,979,|8=bj=43*0+7,tivity ,1,0
2019-08-15 10:37:54,181.188.170.160,UPDATE,979,982,|8=bj=4a*0|1+3,:D,1,0
2019-08-15 10:37:59,181.188.170.160,UPDATE,982,983,|9=fw*0+1,A,1,0
2019-08-15 10:38:0,181.188.170.160,UPDATE,983,995,|9=fw=1*0+c,nd here I am,1,0
2019-08-15 10:38:0,181.188.170.160,UPDATE,995,999,|9=fw=d*0+4,, wr,1,0
2019-08-15 10:38:0,181.188.170.160,UPDATE,999,1004,|9=fw=h*0+5,iting,1,0
2019-08-15 10:38:1,181.188.170.160,UPDATE,1004,1005,|9=fw=m*0+1, ,1,0
2019-08-15 10:38:2,181.188.170.160,UPDATE,1005,1006,|9=fw=n*0+1,s,1,0
2019-08-15 10:38:2,181.188.170.160,UPDATE,1006,1010,|9=fw=o*0+4,ome ,1,0
2019-08-15 10:38:3,181.188.170.160,UPDATE,1010,1013,|9=fw=s*0+3,thi,1,0
2019-08-15 10:38:4,181.188.170.160,UPDATE,1013,1015,|9=fw=v*0+2,ng,1,0
2019-08-15 10:38:4,181.188.170.160,UPDATE,1015,1020,|9=fw=x*0+5,s tha,1,0
2019-08-15 10:38:5,181.188.170.160,UPDATE,1020,1025,|9=fw=12*0+5,t are,1,0
2019-08-15 10:38:6,181.188.170.160,UPDATE,1025,1024,|9=fw=16-1,,0,1
2019-08-15 10:38:7,181.188.170.160,UPDATE,1024,1022,|9=fw=14-2,,0,1
2019-08-15 10:38:7,181.188.170.160,UPDATE,1022,1019,|9=fw=11-3,,0,1
2019-08-15 10:38:8,181.188.170.160,UPDATE,1019,1017,|9=fw=z-2,,0,1
2019-08-15 10:38:8,181.188.170.160,UPDATE,1017,1016,|9=fw=y-1,,0,1
2019-08-15 10:38:9,181.188.170.160,UPDATE,1016,1012,|9=fw=u-4,,0,1
2019-08-15 10:38:10,181.188.170.160,UPDATE,1012,1010,|9=fw=s-2,,0,1
2019-08-15 10:38:11,181.188.170.160,UPDATE,1010,1014,|9=fw=s*0+4,irre,1,0
2019-08-15 10:38:12,181.188.170.160,UPDATE,1014,1022,|9=fw=w*0+8,levant t,1,0
2019-08-15 10:38:14,181.188.170.160,UPDATE,1022,1030,|9=fw=14*0+8,hings in,1,0
2019-08-15 10:38:16,181.188.170.160,UPDATE,1030,1031,|9=fw=1c*0+1, ,1,0
2019-08-15 10:38:17,181.188.170.160,UPDATE,1031,1039,|9=fw=1d*0+8,Etherpad,1,0
2019-08-15 10:38:23,181.188.170.160,UPDATE,1039,1029,|9=fw=t-a,,0,1
2019-08-15 10:38:25,181.188.170.160,UPDATE,1029,1028,|9=fw=s-1,,0,1
2019-08-15 10:38:28,181.188.170.160,UPDATE,1028,1029,|9=fw=1a*0+1, ,1,0
2019-08-15 10:38:29,181.188.170.160,UPDATE,1029,1048,|9=fw=1b*0+j,that are rrelevant ,1,0
2019-08-15 10:38:32,181.188.170.160,UPDATE,1048,1049,|9=fw=1k*0+1,i,1,0
2019-08-15 10:38:33,181.188.170.160,UPDATE,1049,1051,|9=fw=1v*0+2,fo,1,0
2019-08-15 10:38:34,181.188.170.160,UPDATE,1051,1053,|9=fw=1x*0+2,r ,1,0
2019-08-15 10:38:35,181.188.170.160,UPDATE,1053,1061,|9=fw=1z*0+8,our topi,1,0
2019-08-15 10:38:37,181.188.170.160,UPDATE,1061,1069,|9=fw=27*0+8,c of dis,1,0
2019-08-15 10:38:38,181.188.170.160,UPDATE,1069,1077,|9=fw=2f*0+8,cussion.,1,0
2019-08-15 10:40:47,37.157.108.47,UPDATE,1077,1078,|r=rx=1z*0|1+1,,1,0
2019-08-15 10:40:47,37.157.108.47,UPDATE,1078,1079,|s=tx*0|1+1,,1,0
2019-08-15 10:40:55,37.157.108.47,UPDATE,1079,1080,|t=ty*0+1,1,1,0
2019-08-15 10:40:56,37.157.108.47,UPDATE,1080,1081,|t=ty=1*0+1,),1,0
2019-08-15 10:40:56,37.157.108.47,UPDATE,1081,1082,|t=ty=2*0+1, ,1,0
2019-08-15 10:41:10,37.157.108.47,UPDATE,1082,1083,|t=ty=3*0+1,c,1,0
2019-08-15 10:41:11,37.157.108.47,UPDATE,1083,1086,|t=ty=4*0+3,oll,1,0
2019-08-15 10:41:11,37.157.108.47,UPDATE,1086,1088,|t=ty=7*0+2,oc,1,0
2019-08-15 10:41:12,37.157.108.47,UPDATE,1088,1092,|t=ty=9*0+4,ated,1,0
2019-08-15 10:41:12,37.157.108.47,UPDATE,1092,1093,|t=ty=d*0|1+1,,1,0
2019-08-15 10:41:13,37.157.108.47,UPDATE,1093,1094,|u=uc*0+1,2,1,0
2019-08-15 10:41:13,37.157.108.47,UPDATE,1094,1095,|u=uc=1*0+1,=,1,0
2019-08-15 10:41:14,37.157.108.47,UPDATE,1095,1094,|u=uc=1-1,,0,1
2019-08-15 10:41:15,37.157.108.47,UPDATE,1094,1095,|u=uc=1*0+1,),1,0
2019-08-15 10:41:15,37.157.108.47,UPDATE,1095,1096,|u=uc=2*0+1, ,1,0
2019-08-15 10:41:16,37.157.108.47,UPDATE,1096,1100,|u=uc=3*0+4,smal,1,0
2019-08-15 10:41:16,37.157.108.47,UPDATE,1100,1102,|u=uc=7*0+2,l-,1,0
2019-08-15 10:41:17,37.157.108.47,UPDATE,1102,1103,|u=uc=9*0+1,g,1,0
2019-08-15 10:41:17,37.157.108.47,UPDATE,1103,1106,|u=uc=a*0+3,rou,1,0
2019-08-15 10:41:18,37.157.108.47,UPDATE,1106,1108,|u=uc=d*0|1+2,p,1,0
2019-08-15 10:41:19,37.157.108.47,UPDATE,1108,1109,|v=ur*0+1,2,1,0
2019-08-15 10:41:19,37.157.108.47,UPDATE,1109,1110,|v=ur=1*0+1,),1,0
2019-08-15 10:41:20,37.157.108.47,UPDATE,1110,1111,|v=ur=2*0+1, ,1,0
2019-08-15 10:41:20,181.188.170.160,UPDATE,1110,1111,|o=ru*0+1,*,1,0
2019-08-15 10:41:22,181.188.170.160,UPDATE,1112,1113,|o=ru=1*0+1, ,1,0
2019-08-15 10:41:23,37.157.108.47,UPDATE,1113,1114,|t=u0=d*0+1,,,1,0
2019-08-15 10:41:23,181.188.170.160,UPDATE,1113,1115,|o=ru=2*0+2,Re,1,0
2019-08-15 10:41:23,37.157.108.47,UPDATE,1114,1117,|t=u0=e*0+3, in,1,0
2019-08-15 10:41:24,37.157.108.47,UPDATE,1119,1120,|t=u2=h*0+1,-,1,0
2019-08-15 10:41:24,37.157.108.47,UPDATE,1120,1123,|t=u2=i*0+3,cla,1,0
2019-08-15 10:41:25,181.188.170.160,UPDATE,1116,1122,|o=ru=4*0+6,strict,1,0
2019-08-15 10:41:25,37.157.108.47,UPDATE,1129,1131,|t=u8=l*0+2,ss,1,0
2019-08-15 10:41:27,181.188.170.160,UPDATE,1131,1130,|o=ru=9-1,,0,1
2019-08-15 10:41:29,181.188.170.160,UPDATE,1130,1123,|o=ru=2-7,,0,1
2019-08-15 10:41:30,181.188.170.160,UPDATE,1123,1121,|o=ru-2,,0,1
2019-08-15 10:42:2,181.188.170.160,UPDATE,1121,1121,|v=v1-1*0+1,3,1,1
2019-08-15 10:42:3,181.188.170.160,UPDATE,1121,1123,|v=v1=3*0+2,no,1,0
2019-08-15 10:42:4,181.188.170.160,UPDATE,1123,1127,|v=v1=5*0+4,t mo,1,0
2019-08-15 10:42:4,181.188.170.160,UPDATE,1127,1132,|v=v1=9*0|1+5,ving,1,0
2019-08-15 10:42:5,181.188.170.160,UPDATE,1132,1133,|w=vf*0+1,4,1,0
2019-08-15 10:42:6,181.188.170.160,UPDATE,1133,1134,|w=vf=1*0+1,),1,0
2019-08-15 10:42:6,181.188.170.160,UPDATE,1134,1135,|w=vf=2*0+1, ,1,0
2019-08-15 10:42:9,181.188.170.160,UPDATE,1135,1136,|w=vf=3*0+1,u,1,0
2019-08-15 10:42:11,181.188.170.160,UPDATE,1136,1141,|w=vf=4*0+5,se of,1,0
2019-08-15 10:42:12,181.188.170.160,UPDATE,1141,1149,|w=vf=9*0+8, specifi,1,0
2019-08-15 10:42:13,181.188.170.160,UPDATE,1149,1158,|w=vf=h*0+9,c technol,1,0
2019-08-15 10:42:13,181.188.170.160,UPDATE,1158,1161,|w=vf=q*0+3,ogy,1,0
2019-08-15 10:42:16,37.157.108.47,UPDATE,1161,1162,|s=tx*0|1+1,,1,0
2019-08-15 10:42:17,37.157.108.47,UPDATE,1162,1164,|t=ty*0+2,re,1,0
2019-08-15 10:42:17,37.157.108.47,UPDATE,1164,1165,|t=ty=2*0+1,s,1,0
2019-08-15 10:42:18,37.157.108.47,UPDATE,1165,1168,|t=ty=3*0+3,tri,1,0
2019-08-15 10:42:18,37.157.108.47,UPDATE,1168,1172,|t=ty=6*0+4,ctio,1,0
2019-08-15 10:42:19,37.157.108.47,UPDATE,1172,1176,|t=ty=a*0+4,ns o,1,0
2019-08-15 10:42:20,37.157.108.47,UPDATE,1176,1178,|t=ty=e*0+2,f ,1,0
2019-08-15 10:42:21,37.157.108.47,UPDATE,1178,1177,|t=ty=f-1,,0,1
2019-08-15 10:42:21,37.157.108.47,UPDATE,1177,1175,|t=ty=d-2,,0,1
2019-08-15 10:42:22,37.157.108.47,UPDATE,1175,1177,|t=ty=d*0+2,fo,1,0
2019-08-15 10:42:23,37.157.108.47,UPDATE,1177,1181,|t=ty=f*0+4,r th,1,0
2019-08-15 10:42:23,37.157.108.47,UPDATE,1181,1183,|t=ty=j*0+2,e ,1,0
2019-08-15 10:42:25,91.129.96.132,UPDATE,1183,1184,|c=kh*0|1+1,,1,0
2019-08-15 10:42:36,37.157.108.47,UPDATE,1183,1185,|t=ty=l*0+2,di,1,0
2019-08-15 10:42:36,37.157.108.47,UPDATE,1185,1187,|t=ty=n*0+2,gi,1,0
2019-08-15 10:42:37,37.157.108.47,UPDATE,1187,1190,|t=ty=p*0+3,tal,1,0
2019-08-15 10:42:37,37.157.108.47,UPDATE,1190,1191,|t=ty=s*0+1, ,1,0
2019-08-15 10:42:38,37.157.108.47,UPDATE,1191,1194,|t=ty=t*0+3,did,1,0
2019-08-15 10:42:38,37.157.108.47,UPDATE,1194,1195,|t=ty=w*0+1,a,1,0
2019-08-15 10:42:39,37.157.108.47,UPDATE,1195,1198,|t=ty=x*0+3,cti,1,0
2019-08-15 10:42:39,37.157.108.47,UPDATE,1198,1201,|t=ty=10*0+3,cs ,1,0
2019-08-15 10:42:40,37.157.108.47,UPDATE,1201,1202,|t=ty=13*0+1,l,1,0
2019-08-15 10:42:40,37.157.108.47,UPDATE,1202,1205,|t=ty=14*0+3,avs,1,0
2019-08-15 10:42:41,37.157.108.47,UPDATE,1205,1203,|t=ty=15-2,,0,1
2019-08-15 10:42:41,37.157.108.47,UPDATE,1203,1204,|t=ty=15*0+1,b,1,0
2019-08-15 10:45:36,37.157.108.47,UPDATE,1204,1205,|x=wm=t*0|1+1,,1,0
2019-08-15 10:45:36,37.157.108.47,UPDATE,1205,1206,|y=xg*0+1,5,1,0
2019-08-15 10:45:37,37.157.108.47,UPDATE,1206,1207,|y=xg=1*0+1,),1,0
2019-08-15 10:45:37,37.157.108.47,UPDATE,1207,1208,|y=xg=2*0+1, ,1,0
2019-08-15 10:45:38,37.157.108.47,UPDATE,1208,1209,|y=xg=3*0+1,u,1,0
2019-08-15 10:45:38,37.157.108.47,UPDATE,1209,1210,|y=xg=4*0+1,p,1,0
2019-08-15 10:45:39,37.157.108.47,UPDATE,1210,1213,|y=xg=5*0+3, to,1,0
2019-08-15 10:45:40,37.157.108.47,UPDATE,1213,1214,|y=xg=8*0+1, ,1,0
2019-08-15 10:45:40,37.157.108.47,UPDATE,1214,1216,|y=xg=9*0+2,30,1,0
2019-08-15 10:45:41,37.157.108.47,UPDATE,1216,1217,|y=xg=b*0+1, ,1,0
2019-08-15 10:45:42,37.157.108.47,UPDATE,1217,1219,|y=xg=c*0+2,st,1,0
2019-08-15 10:45:42,37.157.108.47,UPDATE,1219,1223,|y=xg=e*0+4,uden,1,0
2019-08-15 10:45:43,37.157.108.47,UPDATE,1223,1225,|y=xg=i*0+2,ts,1,0
2019-08-15 10:49:10,37.157.108.47,UPDATE,1225,1226,|y=xg=k*0|1+1,,1,0
2019-08-15 10:49:10,37.157.108.47,UPDATE,1226,1227,|z=y1*0|1+1,,1,0
2019-08-15 10:49:11,37.157.108.47,UPDATE,1227,1230,|10=y2*0+3,at ,1,0
2019-08-15 10:49:11,37.157.108.47,UPDATE,1230,1233,|10=y2=3*0+3,fir,1,0
2019-08-15 10:49:12,37.157.108.47,UPDATE,1233,1235,|10=y2=6*0+2,st,1,0
2019-08-15 10:49:12,37.157.108.47,UPDATE,1235,1236,|10=y2=8*0+1, ,1,0
2019-08-15 10:49:13,37.157.108.47,UPDATE,1236,1239,|10=y2=9*0+3,pos,1,0
2019-08-15 10:49:13,37.157.108.47,UPDATE,1239,1240,|10=y2=c*0+1,t,1,0
2019-08-15 10:49:14,37.157.108.47,UPDATE,1240,1241,|10=y2=d*0+1,-,1,0
2019-08-15 10:49:14,37.157.108.47,UPDATE,1241,1243,|10=y2=e*0+2,ho,1,0
2019-08-15 10:49:15,37.157.108.47,UPDATE,1243,1244,|10=y2=g*0+1,c,1,0
2019-08-15 10:49:18,37.157.108.47,UPDATE,1244,1245,|10=y2=h*0+1, ,1,0
2019-08-15 10:49:19,37.157.108.47,UPDATE,1245,1249,|10=y2=i*0+4,anal,1,0
2019-08-15 10:49:19,37.157.108.47,UPDATE,1249,1253,|10=y2=m*0+4,ysis,1,0
2019-08-15 10:49:22,37.157.108.47,UPDATE,1253,1254,|10=y2=q*0+1,-,1,0
2019-08-15 10:49:23,37.157.108.47,UPDATE,1254,1255,|10=y2=r*0+1,-,1,0
2019-08-15 10:49:25,37.157.108.47,UPDATE,1255,1256,|10=y2=s*0+1,?,1,0
2019-08-15 10:49:25,37.157.108.47,UPDATE,1256,1255,|10=y2=s-1,,0,1
2019-08-15 10:49:27,37.157.108.47,UPDATE,1255,1256,|10=y2=s*0+1, ,1,0
2019-08-15 10:49:28,37.157.108.47,UPDATE,1256,1258,|10=y2=t*0+2,wo,1,0
2019-08-15 10:49:28,37.157.108.47,UPDATE,1258,1263,|10=y2=v*0+5,rking,1,0
2019-08-15 10:49:29,37.157.108.47,UPDATE,1263,1266,|10=y2=10*0+3, wo,1,0
2019-08-15 10:49:29,37.157.108.47,UPDATE,1266,1264,|10=y2=11-2,,0,1
2019-08-15 10:49:30,37.157.108.47,UPDATE,1264,1266,|10=y2=11*0+2,to,1,0
2019-08-15 10:49:30,37.157.108.47,UPDATE,1266,1267,|10=y2=13*0+1,w,1,0
2019-08-15 10:49:31,37.157.108.47,UPDATE,1267,1271,|10=y2=14*0+4,ards,1,0
2019-08-15 10:49:31,37.157.108.47,UPDATE,1271,1272,|10=y2=18*0+1, ,1,0
2019-08-15 10:49:33,37.157.108.47,UPDATE,1272,1273,|10=y2=19*0+1,r,1,0
2019-08-15 10:49:34,37.157.108.47,UPDATE,1273,1275,|10=y2=1a*0+2,ea,1,0
2019-08-15 10:49:34,37.157.108.47,UPDATE,1275,1278,|10=y2=1c*0+3,l-t,1,0
2019-08-15 10:49:35,37.157.108.47,UPDATE,1278,1281,|10=y2=1f*0+3,ime,1,0
2019-08-15 10:49:37,37.157.108.47,UPDATE,1281,1282,|10=y2=1i*0+1, ,1,0
2019-08-15 10:49:39,37.157.108.47,UPDATE,1282,1284,|10=y2=1j*0+2,an,1,0
2019-08-15 10:49:39,37.157.108.47,UPDATE,1284,1287,|10=y2=1l*0+3,aly,1,0
2019-08-15 10:49:40,37.157.108.47,UPDATE,1287,1289,|10=y2=1o*0+2,si,1,0
2019-08-15 10:49:44,37.157.108.47,UPDATE,1289,1290,|10=y2=1q*0+1,s,1,0
2019-08-15 10:50:14,37.157.108.47,UPDATE,1290,1291,|10=y2=1r*0|1+1,,1,0
2019-08-15 10:50:14,37.157.108.47,UPDATE,1291,1292,|11=zu*0|1+1,,1,0
2019-08-15 10:50:15,37.157.108.47,UPDATE,1292,1293,|12=zv*0+1,s,1,0
2019-08-15 10:50:16,37.157.108.47,UPDATE,1293,1294,|12=zv=1*0+1,t,1,0
2019-08-15 10:50:16,37.157.108.47,UPDATE,1294,1296,|12=zv=2*0+2,or,1,0
2019-08-15 10:50:17,37.157.108.47,UPDATE,1296,1298,|12=zv=4*0+2,af,1,0
2019-08-15 10:50:17,37.157.108.47,UPDATE,1298,1298,|12=zv=5-1*0+1,g,1,1
2019-08-15 10:50:18,37.157.108.47,UPDATE,1298,1300,|12=zv=6*0+2,e ,1,0
2019-08-15 10:50:18,37.157.108.47,UPDATE,1300,1301,|12=zv=8*0+1,c,1,0
2019-08-15 10:50:19,37.157.108.47,UPDATE,1301,1304,|12=zv=9*0+3,omp,1,0
2019-08-15 10:50:20,37.157.108.47,UPDATE,1304,1306,|12=zv=c*0+2,ut,1,0
2019-08-15 10:50:20,37.157.108.47,UPDATE,1306,1308,|12=zv=e*0+2,er,1,0
2019-08-15 10:50:21,37.157.108.47,UPDATE,1308,1309,|11=zu*0|1+1,,1,0
2019-08-15 10:50:22,37.157.108.47,UPDATE,1309,1310,|12=zv*0+1,r,1,0
2019-08-15 10:50:22,37.157.108.47,UPDATE,1310,1311,|12=zv=1*0+1,r,1,0
2019-08-15 10:50:23,37.157.108.47,UPDATE,1311,1311,|12=zv=1-1*0+1,e,1,1
2019-08-15 10:50:23,37.157.108.47,UPDATE,1311,1313,|12=zv=2*0+2,qu,1,0
2019-08-15 10:50:24,37.157.108.47,UPDATE,1313,1315,|12=zv=4*0+2,ir,1,0
2019-08-15 10:50:25,37.157.108.47,UPDATE,1315,1319,|12=zv=6*0+4,emen,1,0
2019-08-15 10:50:25,37.157.108.47,UPDATE,1319,1321,|12=zv=a*0+2,ts,1,0
2019-08-15 10:50:25,37.157.108.47,UPDATE,1321,1322,|12=zv=c*0+1,:,1,0
2019-08-15 10:50:27,37.157.108.47,UPDATE,1322,1323,|13=109=g*0|1+1,,1,0
2019-08-15 10:50:32,37.157.108.47,UPDATE,1323,1324,|14=10q*0+1,m,1,0
2019-08-15 10:50:32,37.157.108.47,UPDATE,1324,1325,|14=10q=1*0+1,o,1,0
2019-08-15 10:50:33,37.157.108.47,UPDATE,1325,1327,|14=10q=2*0+2,re,1,0
2019-08-15 10:50:34,37.157.108.47,UPDATE,1327,1328,|14=10q=4*0+1, ,1,0
2019-08-15 10:50:34,37.157.108.47,UPDATE,1328,1330,|14=10q=5*0+2,ra,1,0
2019-08-15 10:50:35,37.157.108.47,UPDATE,1330,1332,|14=10q=7*0+2,sp,1,0
2019-08-15 10:50:35,37.157.108.47,UPDATE,1332,1334,|14=10q=9*0+2,be,1,0
2019-08-15 10:50:36,37.157.108.47,UPDATE,1334,1337,|14=10q=b*0+3,rry,1,0
2019-08-15 10:50:36,37.157.108.47,UPDATE,1337,1338,|14=10q=e*0+1, ,1,0
2019-08-15 10:50:37,37.157.108.47,UPDATE,1338,1340,|14=10q=f*0+2,PI,1,0
2019-08-15 10:50:38,37.157.108.47,UPDATE,1340,1341,|14=10q=h*0+1,s,1,0
2019-08-15 10:50:38,37.157.108.47,UPDATE,1341,1342,|14=10q=i*0+1,?,1,0
2019-08-15 10:50:53,37.157.108.47,UPDATE,1342,1343,|13=109=g*0+1, ,1,0
2019-08-15 10:50:54,37.157.108.47,UPDATE,1343,1344,|13=109=h*0+1,-,1,0
2019-08-15 10:50:55,37.157.108.47,UPDATE,1344,1345,|13=109=i*0+1, ,1,0
2019-08-15 10:50:59,37.157.108.47,UPDATE,1345,1346,|13=109=j*0+1,w,1,0
2019-08-15 10:51:0,37.157.108.47,UPDATE,1346,1349,|13=109=k*0+3,hat,1,0
2019-08-15 10:51:0,37.157.108.47,UPDATE,1349,1351,|13=109=n*0+2, k,1,0
2019-08-15 10:51:1,37.157.108.47,UPDATE,1351,1354,|13=109=p*0+3,inf,1,0
2019-08-15 10:51:1,37.157.108.47,UPDATE,1354,1353,|13=109=r-1,,0,1
2019-08-15 10:51:2,37.157.108.47,UPDATE,1353,1354,|13=109=r*0+1,s,1,0
2019-08-15 10:51:2,37.157.108.47,UPDATE,1354,1354,|13=109=r-1*0+1,d,1,1
2019-08-15 10:51:3,37.157.108.47,UPDATE,1354,1355,|13=109=s*0+1,?,1,0
2019-08-15 10:52:27,91.129.96.132,UPDATE,1355,1356,|7=bi*0|1+1,,1,0
2019-08-15 10:54:47,37.157.108.47,UPDATE,1355,1356,|14=113=j*0|1+1,,1,0
2019-08-15 10:54:48,37.157.108.47,UPDATE,1356,1357,|15=11n*0|1+1,,1,0
2019-08-15 10:54:48,37.157.108.47,UPDATE,1357,1360,|16=11o*0+3,goo,1,0
2019-08-15 10:54:49,37.157.108.47,UPDATE,1360,1361,|16=11o=3*0+1,d,1,0
2019-08-15 10:54:49,37.157.108.47,UPDATE,1361,1362,|16=11o=4*0+1, ,1,0
2019-08-15 10:54:50,37.157.108.47,UPDATE,1362,1365,|16=11o=5*0+3,col,1,0
2019-08-15 10:54:50,37.157.108.47,UPDATE,1365,1367,|16=11o=8*0+2,la,1,0
2019-08-15 10:54:51,37.157.108.47,UPDATE,1367,1368,|16=11o=a*0+1,b,1,0
2019-08-15 10:54:51,37.157.108.47,UPDATE,1368,1370,|16=11o=b*0+2,or,1,0
2019-08-15 10:54:52,37.157.108.47,UPDATE,1370,1372,|16=11o=d*0+2,at,1,0
2019-08-15 10:54:52,37.157.108.47,UPDATE,1372,1375,|16=11o=f*0+3,ion,1,0
2019-08-15 10:54:55,37.157.108.47,UPDATE,1375,1376,|16=11o=i*0+1, ,1,0
2019-08-15 10:54:55,37.157.108.47,UPDATE,1376,1377,|16=11o=j*0+1,v,1,0
2019-08-15 10:54:56,37.157.108.47,UPDATE,1377,1379,|16=11o=k*0+2,s ,1,0
2019-08-15 10:54:56,37.157.108.47,UPDATE,1379,1381,|16=11o=m*0+2,ba,1,0
2019-08-15 10:54:57,37.157.108.47,UPDATE,1381,1383,|16=11o=o*0+2,d ,1,0
2019-08-15 10:54:57,37.157.108.47,UPDATE,1383,1385,|16=11o=q*0+2,co,1,0
2019-08-15 10:54:58,37.157.108.47,UPDATE,1385,1388,|16=11o=s*0+3,lab,1,0
2019-08-15 10:54:58,37.157.108.47,UPDATE,1388,1387,|16=11o=u-1,,0,1
2019-08-15 10:54:59,37.157.108.47,UPDATE,1387,1386,|16=11o=t-1,,0,1
2019-08-15 10:54:59,37.157.108.47,UPDATE,1386,1388,|16=11o=t*0+2,la,1,0
2019-08-15 10:55:0,37.157.108.47,UPDATE,1388,1389,|16=11o=v*0+1,b,1,0
2019-08-15 10:55:1,37.157.108.47,UPDATE,1389,1390,|16=11o=w*0+1,o,1,0
2019-08-15 10:55:1,37.157.108.47,UPDATE,1390,1393,|16=11o=x*0+3,rat,1,0
2019-08-15 10:55:2,37.157.108.47,UPDATE,1393,1395,|16=11o=10*0+2,io,1,0
2019-08-15 10:55:2,37.157.108.47,UPDATE,1395,1396,|16=11o=12*0+1,n,1,0
2019-08-15 10:55:6,37.157.108.47,UPDATE,1396,1397,|16=11o=13*0+1,?,1,0
2019-08-15 10:56:3,37.157.108.47,UPDATE,1397,1398,|16=11o=14*0+1, ,1,0
2019-08-15 10:56:9,37.157.108.47,UPDATE,1398,1400,|16=11o=15*0+2,do,1,0
2019-08-15 10:56:9,37.157.108.47,UPDATE,1400,1402,|16=11o=17*0+2,mi,1,0
2019-08-15 10:56:10,37.157.108.47,UPDATE,1402,1406,|16=11o=19*0+4,nanc,1,0
2019-08-15 10:56:10,37.157.108.47,UPDATE,1406,1409,|16=11o=1d*0+3,e o,1,0
2019-08-15 10:56:11,37.157.108.47,UPDATE,1409,1408,|16=11o=1f-1,,0,1
2019-08-15 10:56:11,37.157.108.47,UPDATE,1408,1411,|16=11o=1f*0+3,as ,1,0
2019-08-15 10:56:12,37.157.108.47,UPDATE,1411,1413,|16=11o=1i*0+2,a ,1,0
2019-08-15 10:56:12,37.157.108.47,UPDATE,1413,1415,|16=11o=1k*0+2,fe,1,0
2019-08-15 10:56:13,37.157.108.47,UPDATE,1415,1418,|16=11o=1m*0+3,atu,1,0
2019-08-15 10:56:13,37.157.108.47,UPDATE,1418,1422,|16=11o=1p*0+4,re o,1,0
2019-08-15 10:56:14,37.157.108.47,UPDATE,1422,1425,|16=11o=1t*0+3,f c,1,0
2019-08-15 10:56:14,37.157.108.47,UPDATE,1425,1427,|16=11o=1w*0+2,ol,1,0
2019-08-15 10:56:15,37.157.108.47,UPDATE,1427,1428,|16=11o=1y*0+1,a,1,0
2019-08-15 10:56:15,37.157.108.47,UPDATE,1428,1427,|16=11o=1y-1,,0,1
2019-08-15 10:56:16,37.157.108.47,UPDATE,1427,1429,|16=11o=1y*0+2,la,1,0
2019-08-15 10:56:16,37.157.108.47,UPDATE,1429,1431,|16=11o=20*0+2,bo,1,0
2019-08-15 10:56:17,37.157.108.47,UPDATE,1431,1435,|16=11o=22*0+4,rati,1,0
2019-08-15 10:56:19,37.157.108.47,UPDATE,1435,1436,|16=11o=26*0+1,o,1,0
2019-08-15 10:56:20,37.157.108.47,UPDATE,1436,1437,|16=11o=27*0+1,n,1,0
2019-08-15 10:57:59,37.157.108.47,UPDATE,1437,1438,|16=11o=28*0+1, ,1,0
2019-08-15 10:58:0,37.157.108.47,UPDATE,1438,1441,|16=11o=29*0+3,for,1,0
2019-08-15 10:58:0,37.157.108.47,UPDATE,1441,1444,|16=11o=2c*0+3, a ,1,0
2019-08-15 10:58:1,37.157.108.47,UPDATE,1444,1446,|16=11o=2f*0+2,sp,1,0
2019-08-15 10:58:1,37.157.108.47,UPDATE,1446,1449,|16=11o=2h*0+3,eci,1,0
2019-08-15 10:58:2,37.157.108.47,UPDATE,1449,1450,|16=11o=2k*0+1,f,1,0
2019-08-15 10:58:2,37.157.108.47,UPDATE,1450,1452,|16=11o=2l*0+2,ic,1,0
2019-08-15 10:58:34,37.157.108.47,UPDATE,1452,1453,|16=11o=2n*0+1, ,1,0
2019-08-15 10:58:35,37.157.108.47,UPDATE,1453,1452,|16=11o=2n-1,,0,1
2019-08-15 10:58:36,37.157.108.47,UPDATE,1452,1449,|16=11o=2k-3,,0,1
2019-08-15 10:58:36,37.157.108.47,UPDATE,1449,1446,|16=11o=2h-3,,0,1
2019-08-15 10:58:39,37.157.108.47,UPDATE,1446,1448,|16=11o=29*0+2,to,1,0
2019-08-15 10:58:39,37.157.108.47,UPDATE,1448,1450,|16=11o=2b*0+2, d,1,0
2019-08-15 10:58:40,37.157.108.47,UPDATE,1450,1451,|16=11o=2d*0+1,e,1,0
2019-08-15 10:58:40,37.157.108.47,UPDATE,1451,1453,|16=11o=2e*0+2,te,1,0
2019-08-15 10:58:41,37.157.108.47,UPDATE,1453,1455,|16=11o=2g*0+2,ct,1,0
2019-08-15 10:58:41,37.157.108.47,UPDATE,1455,1456,|16=11o=2i*0+1, ,1,0
2019-08-15 10:58:42,37.157.108.47,UPDATE,1456,1458,|16=11o=2j*0+2,sp,1,0
2019-08-15 10:58:42,37.157.108.47,UPDATE,1458,1457,|16=11o=2k-1,,0,1
2019-08-15 10:58:43,37.157.108.47,UPDATE,1457,1456,|16=11o=2j-1,,0,1
2019-08-15 10:58:44,37.157.108.47,UPDATE,1456,1455,|16=11o=2j-1,,0,1
2019-08-15 10:58:45,37.157.108.47,UPDATE,1455,1453,|16=11o=2j-2,,0,1
2019-08-15 10:58:45,37.157.108.47,UPDATE,1453,1452,|16=11o=2j-1,,0,1
2019-08-15 10:58:46,37.157.108.47,UPDATE,1452,1454,|16=11o=2j*0+2,fo,1,0
2019-08-15 10:58:47,37.157.108.47,UPDATE,1454,1455,|16=11o=2l*0+1,r,1,0
2019-08-15 10:58:47,37.157.108.47,UPDATE,1455,1456,|16=11o=2m*0+1, ,1,0
2019-08-15 10:58:49,37.157.108.47,UPDATE,1456,1455,|16=11o=2n-1,,0,1
2019-08-15 10:58:49,37.157.108.47,UPDATE,1455,1454,|16=11o=2n-1,,0,1
2019-08-15 10:58:51,37.157.108.47,UPDATE,1454,1455,|16=11o=2p*0+1,e,1,0
2019-08-15 10:58:51,37.157.108.47,UPDATE,1455,1457,|16=11o=2q*0+2,ci,1,0
2019-08-15 10:58:52,37.157.108.47,UPDATE,1457,1461,|16=11o=2s*0+4,fic ,1,0
2019-08-15 10:58:53,37.157.108.47,UPDATE,1461,1462,|16=11o=2w*0+1,p,1,0
2019-08-15 10:58:53,37.157.108.47,UPDATE,1462,1467,|16=11o=2x*0+5,atter,1,0
2019-08-15 10:58:53,37.157.108.47,UPDATE,1467,1469,|16=11o=32*0+2,ns,1,0
2019-08-15 11:2:9,37.157.108.47,UPDATE,1469,1470,|16=11o=34*0|1+1,,1,0
2019-08-15 11:2:9,37.157.108.47,UPDATE,1470,1471,|17=14t*0|1+1,,1,0
2019-08-15 11:2:10,37.157.108.47,UPDATE,1471,1473,|18=14u*0+2,wh,1,0
2019-08-15 11:2:11,37.157.108.47,UPDATE,1473,1475,|18=14u=2*0+2,o ,1,0
2019-08-15 11:2:11,37.157.108.47,UPDATE,1475,1478,|18=14u=4*0+3,is ,1,0
2019-08-15 11:2:12,37.157.108.47,UPDATE,1478,1480,|18=14u=7*0+2,go,1,0
2019-08-15 11:2:12,37.157.108.47,UPDATE,1480,1482,|18=14u=9*0+2,in,1,0
2019-08-15 11:2:13,37.157.108.47,UPDATE,1482,1485,|18=14u=b*0+3,g t,1,0
2019-08-15 11:2:13,37.157.108.47,UPDATE,1485,1486,|18=14u=e*0+1,t,1,0
2019-08-15 11:2:14,37.157.108.47,UPDATE,1486,1485,|18=14u=e-1,,0,1
2019-08-15 11:2:14,37.157.108.47,UPDATE,1485,1484,|18=14u=d-1,,0,1
2019-08-15 11:2:15,37.157.108.47,UPDATE,1484,1485,|18=14u=d*0+1,t,1,0
2019-08-15 11:2:15,37.157.108.47,UPDATE,1485,1487,|18=14u=e*0+2,o ,1,0
2019-08-15 11:2:16,37.157.108.47,UPDATE,1487,1490,|18=14u=g*0+3,do ,1,0
2019-08-15 11:2:16,37.157.108.47,UPDATE,1490,1494,|18=14u=j*0+4,the ,1,0
2019-08-15 11:2:17,37.157.108.47,UPDATE,1494,1496,|18=14u=n*0+2,an,1,0
2019-08-15 11:2:18,37.157.108.47,UPDATE,1496,1498,|18=14u=p*0+2,al,1,0
2019-08-15 11:2:19,37.157.108.47,UPDATE,1498,1499,|18=14u=r*0+1,y,1,0
2019-08-15 11:2:19,37.157.108.47,UPDATE,1499,1500,|18=14u=s*0+1,s,1,0
2019-08-15 11:2:20,37.157.108.47,UPDATE,1500,1501,|18=14u=t*0+1,s,1,0
2019-08-15 11:2:20,37.157.108.47,UPDATE,1501,1503,|18=14u=u*0+2,´´,1,0
2019-08-15 11:2:21,37.157.108.47,UPDATE,1503,1505,|18=14u=w*0+2,´´,1,0
2019-08-15 11:2:22,37.157.108.47,UPDATE,1505,1502,|18=14u=v-3,,0,1
2019-08-15 11:2:22,37.157.108.47,UPDATE,1502,1500,|18=14u=t-2,,0,1
2019-08-15 11:2:23,37.157.108.47,UPDATE,1500,1501,|18=14u=t*0+1,i,1,0
2019-08-15 11:2:24,37.157.108.47,UPDATE,1501,1502,|18=14u=u*0+1,s,1,0
2019-08-15 11:2:24,37.157.108.47,UPDATE,1502,1503,|18=14u=v*0+1,-,1,0
2019-08-15 11:2:25,37.157.108.47,UPDATE,1503,1504,|18=14u=w*0+1, ,1,0
2019-08-15 11:2:25,37.157.108.47,UPDATE,1504,1507,|18=14u=x*0+3,alw,1,0
2019-08-15 11:2:26,37.157.108.47,UPDATE,1507,1510,|18=14u=10*0+3,ays,1,0
2019-08-15 11:2:27,37.157.108.47,UPDATE,1510,1511,|18=14u=13*0+1, ,1,0
2019-08-15 11:2:27,37.157.108.47,UPDATE,1511,1512,|18=14u=14*0+1,h,1,0
2019-08-15 11:2:28,37.157.108.47,UPDATE,1512,1514,|18=14u=15*0+2,av,1,0
2019-08-15 11:2:28,37.157.108.47,UPDATE,1514,1516,|18=14u=17*0+2,in,1,0
2019-08-15 11:2:29,37.157.108.47,UPDATE,1516,1518,|18=14u=19*0+2,g ,1,0
2019-08-15 11:7:19,37.157.108.47,UPDATE,1518,1519,|18=14u=1b*0+1,c,1,0
2019-08-15 11:9:19,37.157.108.47,UPDATE,1519,1569,|p=rv|1-1*0+1f,ddddddddddddddddddddddddddddddddddddddddddddddddddd,1,1
2019-08-15 11:9:24,37.157.108.47,UPDATE,1569,1696,|p=rv=1f*0+3j,ddddddddddddddddddddddddddddddddddddddddddddddddddddddddddddddddddddddddddddddddddddddddddddddddddddddddddddddddddddddddddddddd,1,0
2019-08-15 11:9:28,37.157.108.47,UPDATE,1696,1764,|p=rv=4y*0+1w,cccccccccccccccccccccccccccccccccccccccccccccccccccccccccccccccccccc,1,0
2019-08-15 11:9:29,37.157.108.47,UPDATE,1764,1765,|p=rv=6u*0+1,c,1,0
2019-08-15 11:9:31,37.157.108.47,UPDATE,1765,1768,|p=rv=6v*0+3,hyu,1,0
2019-08-15 11:9:31,37.157.108.47,UPDATE,1768,1769,|p=rv=6y*0+1,7,1,0
2019-08-15 11:9:32,37.157.108.47,UPDATE,1769,1772,|p=rv=6z*0+3,hn ,1,0
2019-08-15 11:9:34,37.157.108.47,UPDATE,1772,1825,|p=rv=72*0+1h,                                                     ,1,0
2019-08-15 11:9:36,37.157.108.47,UPDATE,1825,1826,|p=rv=8j*0+1,t,1,0
2019-08-15 11:9:36,37.157.108.47,UPDATE,1826,1828,|p=rv=8k*0+2, t,1,0
2019-08-15 11:9:38,37.157.108.47,UPDATE,1828,1856,|p=rv=8m*0+s, ttttttttttttttttttttttttttt,1,0
2019-08-15 11:9:39,37.157.108.47,UPDATE,1856,1857,|p=rv=9e*0+1,t,1,0
2019-08-15 11:9:40,37.157.108.47,UPDATE,1857,1868,|p=rv=9f*0+b,tttttttttt ,1,0
2019-08-15 11:9:40,37.157.108.47,UPDATE,1868,1870,|p=rv=9q*0+2,nb,1,0
2019-08-15 11:9:49,37.157.108.47,UPDATE,1870,1464,|k=ok=1q|5-1l-9s*0|1+3, b,1,2
2019-08-15 11:10:18,37.157.108.47,UPDATE,1464,1465,|i=oi*0+1,m,1,0
